"Plot","Richness","Shannon","Simpson","Evenness"
"SandyFlat",4,0.885288834440902,0.463667820069204,0.63860090560113
"RockyOutcrop",3,0.995026990179521,0.592592592592593,0.905712598013837
"ShrubEdge",3,0.858740913006287,0.520710059171598,0.781659664527667
"DryWash",3,0.89794572485678,0.54,0.81734542214651
