"Plot","Richness","Shannon","Simpson","Evenness"
"SandyDune",9,1.75937825182148,0.768698060941828,0.80072754964103
"RockySlope",9,1.98769234640484,0.838842975206612,0.904637772081813
"Shrubland",9,1.94430316392358,0.82421875,0.884890504128955
"DryWash",7,1.74248578271872,0.8,0.895460555342009
"CactusRidge",10,2.18588935921926,0.877126654064272,0.94931968675996
"Oasis",6,1.75242367526484,0.82,0.978046275385302
"GravelFlat",9,1.89565260581036,0.817777777777778,0.862748680932985
