"Df","SumOfSqs","R2","F","Pr(>F)"
2,1.69123074249067,0.55785379158966,17.0328865049797,0.001
27,1.34044309030939,0.44214620841034,NA,NA
29,3.03167383280006,1,NA,NA
