"Df","SumOfSqs","R2","F","Pr(>F)"
2,1.36467059133345,0.542901123102638,16.0340913800393,0.001
27,1.14899263989079,0.457098876897362,NA,NA
29,2.51366323122424,1,NA,NA
